ActivityHour,hour_step
2016-04-27T18:00:00Z,1152.9375
2016-04-02T16:00:00Z,1049.7878787878788
2016-04-06T19:00:00Z,1020.96875
2016-04-04T19:00:00Z,993.5
2016-05-12T14:00:00Z,950.9166666666666
2016-04-16T13:00:00Z,941.59375
2016-04-19T16:00:00Z,938.84375
2016-04-26T12:00:00Z,937.46875
2016-05-10T17:00:00Z,931.5
2016-05-01T10:00:00Z,918.6333333333333
2016-05-04T17:00:00Z,917.1724137931035
2016-04-10T12:00:00Z,907.6153846153846
2016-05-11T14:00:00Z,885.7142857142857
2016-04-30T13:00:00Z,883.8333333333334
2016-05-11T17:00:00Z,877.4761904761905
2016-04-04T12:00:00Z,855.65625
2016-05-11T18:00:00Z,854.047619047619
2016-04-02T12:00:00Z,846.7272727272727
2016-04-11T18:00:00Z,844.9583333333334
2016-04-10T11:00:00Z,843.6923076923077
2016-05-06T14:00:00Z,826.2068965517242
2016-04-16T12:00:00Z,819.0625
2016-04-23T14:00:00Z,814.65625
2016-03-23T18:00:00Z,813.3030303030303
2016-05-09T19:00:00Z,810.48
2016-05-09T16:00:00Z,810.0769230769231
2016-04-06T17:00:00Z,808.40625
2016-03-12T14:00:00Z,801.7575757575758
2016-04-30T14:00:00Z,799
2016-05-02T18:00:00Z,794.5172413793103
2016-04-22T18:00:00Z,791.40625
2016-04-16T09:00:00Z,785.15625
2016-04-12T10:00:00Z,785.060606060606
2016-04-01T19:00:00Z,782.4545454545455
2016-04-24T15:00:00Z,779.15625
2016-04-08T12:00:00Z,778.4375
2016-04-05T18:00:00Z,777.34375
2016-03-13T14:00:00Z,775.8484848484849
2016-05-11T13:00:00Z,772.2380952380952
2016-03-15T12:00:00Z,771.8484848484849
2016-04-30T15:00:00Z,770
2016-05-03T18:00:00Z,769.7586206896551
2016-04-23T13:00:00Z,769.375
2016-05-11T16:00:00Z,762.1904761904761
2016-05-10T13:00:00Z,762.0833333333334
2016-03-16T18:00:00Z,760.9090909090909
2016-04-14T17:00:00Z,754.8787878787879
2016-03-27T16:00:00Z,751.7272727272727
2016-04-26T18:00:00Z,745
2016-05-10T19:00:00Z,744.25
2016-04-18T12:00:00Z,743.65625
2016-04-27T17:00:00Z,743.46875
2016-03-28T19:00:00Z,741.4848484848485
2016-04-07T19:00:00Z,740.53125
2016-04-02T11:00:00Z,736.8181818181819
2016-04-27T19:00:00Z,734.15625
2016-04-13T19:00:00Z,724.8787878787879
2016-03-18T18:00:00Z,723.5151515151515
2016-04-18T18:00:00Z,721.34375
2016-04-15T19:00:00Z,719.0625
2016-05-07T16:00:00Z,718.9629629629629
2016-04-18T08:00:00Z,716.59375
2016-04-19T12:00:00Z,714.78125
2016-05-06T19:00:00Z,714.0689655172414
2016-04-03T15:00:00Z,707.5625
2016-04-07T13:00:00Z,706.28125
2016-04-24T14:00:00Z,705.9375
2016-04-28T12:00:00Z,705.28125
2016-04-09T13:00:00Z,704.4285714285714
2016-04-30T11:00:00Z,704.1333333333333
2016-04-23T11:00:00Z,703.1875
2016-04-13T12:00:00Z,703
2016-05-01T09:00:00Z,695.5666666666667
2016-04-27T11:00:00Z,694.65625
2016-05-09T18:00:00Z,694.16
2016-04-15T18:00:00Z,688.78125
2016-03-22T18:00:00Z,688.030303030303
2016-04-08T13:00:00Z,687.09375
2016-04-20T18:00:00Z,682.75
2016-04-07T09:00:00Z,681.5
2016-04-04T11:00:00Z,676.4375
2016-04-11T10:00:00Z,672.2916666666666
2016-04-10T13:00:00Z,671.8076923076923
2016-04-20T17:00:00Z,671.78125
2016-03-16T19:00:00Z,671.060606060606
2016-03-18T17:00:00Z,665.6969696969697
2016-03-18T13:00:00Z,665.1515151515151
2016-05-07T12:00:00Z,662.9629629629629
2016-03-27T14:00:00Z,661.939393939394
2016-04-30T12:00:00Z,658.2333333333333
2016-04-29T12:00:00Z,655.8064516129032
2016-04-18T09:00:00Z,654.71875
2016-05-08T14:00:00Z,654.6296296296297
2016-05-12T10:00:00Z,651.0588235294117
2016-05-10T12:00:00Z,649.75
2016-03-29T12:00:00Z,647.5454545454545
2016-04-29T14:00:00Z,645.6451612903226
2016-04-07T20:00:00Z,643.21875
2016-04-18T10:00:00Z,642.84375
2016-03-31T12:00:00Z,642.7575757575758
2016-05-09T13:00:00Z,641.8846153846154
2016-05-07T19:00:00Z,638.7037037037037
2016-04-18T19:00:00Z,637.4375
2016-03-26T16:00:00Z,634.6060606060606
2016-03-13T19:00:00Z,634.060606060606
2016-04-04T20:00:00Z,632.375
2016-04-24T17:00:00Z,631.84375
2016-04-04T13:00:00Z,631.125
2016-04-14T18:00:00Z,630.8484848484849
2016-04-21T12:00:00Z,630.71875
2016-03-17T18:00:00Z,630.4545454545455
2016-04-28T14:00:00Z,629.1875
2016-04-30T18:00:00Z,628.8666666666667
2016-05-03T17:00:00Z,628.1034482758621
2016-04-20T08:00:00Z,627.84375
2016-03-17T19:00:00Z,625.7878787878788
2016-03-27T15:00:00Z,625.5757575757576
2016-05-05T19:00:00Z,624.0344827586207
2016-04-25T10:00:00Z,623.96875
2016-04-12T17:00:00Z,623.6060606060606
2016-04-16T14:00:00Z,623.375
2016-04-19T13:00:00Z,622.625
2016-04-19T08:00:00Z,622.25
2016-05-05T16:00:00Z,621.7931034482758
2016-04-12T19:00:00Z,621.1212121212121
2016-05-09T14:00:00Z,620.9230769230769
2016-04-07T17:00:00Z,620.6875
2016-04-06T18:00:00Z,620.53125
2016-03-15T18:00:00Z,620.2424242424242
2016-04-25T19:00:00Z,619.125
2016-04-13T18:00:00Z,618.6060606060606
2016-04-08T14:00:00Z,617.65625
2016-05-01T08:00:00Z,616.5
2016-03-14T20:00:00Z,614.7272727272727
2016-04-07T10:00:00Z,614.40625
2016-03-24T12:00:00Z,612.6969696969697
2016-04-02T10:00:00Z,612.6363636363636
2016-03-23T19:00:00Z,610.9090909090909
2016-03-27T12:00:00Z,609.6969696969697
2016-05-12T12:00:00Z,609.3076923076923
2016-04-14T19:00:00Z,608.6969696969697
2016-04-25T17:00:00Z,608.46875
2016-04-17T14:00:00Z,607.34375
2016-05-10T18:00:00Z,606.375
2016-04-20T09:00:00Z,605.96875
2016-04-22T08:00:00Z,605.84375
2016-04-08T16:00:00Z,603.21875
2016-04-10T10:00:00Z,602
2016-04-09T17:00:00Z,600.9642857142857
2016-05-09T17:00:00Z,600.68
2016-04-11T19:00:00Z,599.375
2016-04-11T11:00:00Z,595.6666666666666
2016-04-09T14:00:00Z,592
2016-04-16T11:00:00Z,591.21875
2016-04-20T19:00:00Z,589.53125
2016-04-18T16:00:00Z,589.34375
2016-04-30T19:00:00Z,589.3
2016-05-08T13:00:00Z,588.5925925925926
2016-04-16T19:00:00Z,588.53125
2016-04-28T16:00:00Z,587.625
2016-04-09T18:00:00Z,587.3928571428571
2016-03-12T18:00:00Z,586.6666666666666
2016-04-09T20:00:00Z,585.7857142857143
2016-04-14T16:00:00Z,582.1212121212121
2016-05-05T21:00:00Z,581.3448275862069
2016-04-12T18:00:00Z,579.0909090909091
2016-04-24T18:00:00Z,579.0625
2016-04-17T17:00:00Z,579.03125
2016-04-22T09:00:00Z,577.1875
2016-04-21T18:00:00Z,576.96875
2016-04-26T13:00:00Z,576.84375
2016-05-08T19:00:00Z,576.6666666666666
2016-04-21T11:00:00Z,576.21875
2016-03-15T19:00:00Z,576.1515151515151
2016-04-24T13:00:00Z,575.90625
2016-04-08T19:00:00Z,575.5483870967741
2016-04-29T16:00:00Z,575.516129032258
2016-03-30T12:00:00Z,575.2121212121212
2016-05-08T12:00:00Z,575.074074074074
2016-04-20T14:00:00Z,574.59375
2016-04-25T09:00:00Z,574.03125
2016-03-12T15:00:00Z,573.969696969697
2016-04-09T11:00:00Z,573.2857142857143
2016-04-25T12:00:00Z,572.25
2016-04-21T15:00:00Z,572.21875
2016-04-21T19:00:00Z,571.40625
2016-05-05T10:00:00Z,570.1724137931035
2016-04-12T12:00:00Z,567.3939393939394
2016-03-28T14:00:00Z,567.3636363636364
2016-04-28T13:00:00Z,566.5
2016-03-26T09:00:00Z,565.8484848484849
2016-04-20T13:00:00Z,565.71875
2016-03-19T14:00:00Z,565.2424242424242
2016-04-01T08:00:00Z,562.6969696969697
2016-04-05T19:00:00Z,562.1875
2016-04-24T11:00:00Z,561.78125
2016-04-09T10:00:00Z,561.1785714285714
2016-04-08T17:00:00Z,560.0625
2016-03-27T17:00:00Z,559.5151515151515
2016-04-13T17:00:00Z,557.969696969697
2016-04-01T18:00:00Z,557.6666666666666
2016-04-27T14:00:00Z,556.375
2016-04-15T16:00:00Z,554.8125
2016-03-18T09:00:00Z,554.6666666666666
2016-04-22T13:00:00Z,553.875
2016-05-05T09:00:00Z,553.0689655172414
2016-03-12T11:00:00Z,551.8787878787879
2016-04-04T18:00:00Z,551.75
2016-04-15T11:00:00Z,550.4242424242424
2016-04-06T12:00:00Z,550.40625
2016-03-12T16:00:00Z,549.060606060606
2016-03-14T19:00:00Z,548.4848484848485
2016-04-25T13:00:00Z,548.125
2016-05-07T10:00:00Z,548.1111111111111
2016-05-08T21:00:00Z,547.8518518518518
2016-04-11T17:00:00Z,547.625
2016-04-09T16:00:00Z,547.1071428571429
2016-03-31T09:00:00Z,546.3636363636364
2016-03-17T15:00:00Z,546.2424242424242
2016-04-23T12:00:00Z,545.625
2016-03-14T09:00:00Z,543.969696969697
2016-05-07T11:00:00Z,543
2016-04-08T08:00:00Z,541.875
2016-04-18T13:00:00Z,540.875
2016-05-09T15:00:00Z,539.7307692307693
2016-03-16T14:00:00Z,539.6969696969697
2016-04-09T15:00:00Z,539.5714285714286
2016-04-29T19:00:00Z,539.5483870967741
2016-03-17T12:00:00Z,539.5151515151515
2016-04-19T19:00:00Z,538.125
2016-05-07T14:00:00Z,537.4074074074074
2016-03-13T13:00:00Z,536.1212121212121
2016-03-30T11:00:00Z,535.8181818181819
2016-04-01T09:00:00Z,535.5757575757576
2016-05-09T10:00:00Z,535.1481481481482
2016-04-28T19:00:00Z,534.3125
2016-04-04T10:00:00Z,533.59375
2016-04-25T21:00:00Z,532.875
2016-05-10T11:00:00Z,529.625
2016-04-21T14:00:00Z,529.5
2016-03-21T12:00:00Z,528.969696969697
2016-04-02T13:00:00Z,528.939393939394
2016-03-20T14:00:00Z,528.6666666666666
2016-03-27T13:00:00Z,528
2016-04-20T12:00:00Z,526.1875
2016-03-28T12:00:00Z,526.1818181818181
2016-05-11T11:00:00Z,525.9130434782609
2016-04-10T16:00:00Z,525.72
2016-03-15T13:00:00Z,525.3333333333334
2016-04-22T19:00:00Z,525.3125
2016-03-31T19:00:00Z,525.3030303030303
2016-04-11T07:00:00Z,525.16
2016-04-16T08:00:00Z,525.125
2016-03-17T10:00:00Z,524.5757575757576
2016-03-17T09:00:00Z,524.1212121212121
2016-05-11T12:00:00Z,523.4761904761905
2016-04-15T13:00:00Z,522.1515151515151
2016-05-04T19:00:00Z,520.9655172413793
2016-04-03T18:00:00Z,520.875
2016-05-03T22:00:00Z,520.3103448275862
2016-04-30T16:00:00Z,520.1666666666666
2016-05-10T10:00:00Z,519.5
2016-04-04T16:00:00Z,518.84375
2016-04-03T11:00:00Z,518.5
2016-04-23T17:00:00Z,518.15625
2016-03-15T20:00:00Z,517.4848484848485
2016-03-12T12:00:00Z,516.4848484848485
2016-05-05T17:00:00Z,516.3448275862069
2016-04-05T13:00:00Z,515.59375
2016-05-04T14:00:00Z,515.1724137931035
2016-05-03T19:00:00Z,514.6551724137931
2016-03-18T14:00:00Z,514.0909090909091
2016-04-23T19:00:00Z,513.90625
2016-03-28T11:00:00Z,513.030303030303
2016-04-26T19:00:00Z,512.96875
2016-04-21T10:00:00Z,512.875
2016-04-06T08:00:00Z,512.3125
2016-04-13T08:00:00Z,512.2727272727273
2016-05-12T15:00:00Z,512
2016-04-06T13:00:00Z,511.4375
2016-04-09T07:00:00Z,510.44827586206895
2016-04-09T12:00:00Z,510.10714285714283
2016-04-07T08:00:00Z,510.03125
2016-03-31T14:00:00Z,509.8181818181818
2016-04-30T10:00:00Z,509.3333333333333
2016-03-13T20:00:00Z,508.969696969697
2016-04-05T08:00:00Z,508.93939393939394
2016-04-23T16:00:00Z,508.03125
2016-04-06T09:00:00Z,507.28125
2016-04-24T12:00:00Z,505.625
2016-05-05T12:00:00Z,504.55172413793105
2016-03-25T11:00:00Z,504.42424242424244
2016-05-03T16:00:00Z,504.3448275862069
2016-03-12T17:00:00Z,503.030303030303
2016-04-21T08:00:00Z,502.75
2016-03-26T14:00:00Z,501.969696969697
2016-03-21T14:00:00Z,501.90909090909093
2016-04-25T08:00:00Z,501.8125
2016-03-30T14:00:00Z,501.6060606060606
2016-04-09T19:00:00Z,500
2016-04-03T17:00:00Z,499.875
2016-04-24T10:00:00Z,499.71875
2016-04-04T17:00:00Z,499.65625
2016-03-20T15:00:00Z,499.6363636363636
2016-03-13T15:00:00Z,499.3636363636364
2016-04-26T17:00:00Z,498.71875
2016-04-29T18:00:00Z,498.4516129032258
2016-04-23T18:00:00Z,498.40625
2016-04-07T14:00:00Z,497.375
2016-04-27T13:00:00Z,495.9375
2016-04-05T12:00:00Z,495.59375
2016-04-11T12:00:00Z,494.5416666666667
2016-03-28T13:00:00Z,492.6060606060606
2016-04-14T08:00:00Z,492.54545454545456
2016-03-22T19:00:00Z,492.3636363636364
2016-04-02T17:00:00Z,491.96875
2016-03-21T10:00:00Z,491.7878787878788
2016-04-19T18:00:00Z,491.625
2016-03-13T10:00:00Z,491.1818181818182
2016-05-08T16:00:00Z,489.55555555555554
2016-05-03T10:00:00Z,488.62068965517244
2016-04-12T14:00:00Z,488.6060606060606
2016-05-08T15:00:00Z,488.55555555555554
2016-03-13T11:00:00Z,488.54545454545456
2016-04-14T09:00:00Z,487.6969696969697
2016-04-28T17:00:00Z,487.65625
2016-03-12T08:00:00Z,487.4848484848485
2016-04-03T16:00:00Z,486.84375
2016-04-11T13:00:00Z,485.7916666666667
2016-04-26T11:00:00Z,485.71875
2016-04-23T08:00:00Z,485.59375
2016-05-07T13:00:00Z,485.3703703703704
2016-05-05T14:00:00Z,484.62068965517244
2016-03-17T11:00:00Z,484.42424242424244
2016-03-16T20:00:00Z,483.5151515151515
2016-04-27T15:00:00Z,483.09375
2016-04-03T20:00:00Z,482.625
2016-03-30T13:00:00Z,482.1212121212121
2016-03-26T18:00:00Z,481.1515151515151
2016-03-16T09:00:00Z,479.09090909090907
2016-05-01T17:00:00Z,478
2016-03-29T13:00:00Z,476.90909090909093
2016-05-12T13:00:00Z,476.8333333333333
2016-04-23T15:00:00Z,476.75
2016-04-19T17:00:00Z,476.15625
2016-04-16T15:00:00Z,476.09375
2016-03-12T19:00:00Z,475.5151515151515
2016-03-16T11:00:00Z,475.030303030303
2016-03-29T18:00:00Z,474.72727272727275
2016-04-17T10:00:00Z,473.875
2016-03-14T18:00:00Z,473.7878787878788
2016-03-26T15:00:00Z,473.42424242424244
2016-05-02T19:00:00Z,473.37931034482756
2016-04-23T10:00:00Z,472.53125
2016-04-17T19:00:00Z,471.53125
2016-05-11T15:00:00Z,471.04761904761904
2016-04-29T11:00:00Z,470.93548387096774
2016-05-06T13:00:00Z,470.8965517241379
2016-04-25T18:00:00Z,470.8125
2016-04-10T15:00:00Z,470.48
2016-04-23T21:00:00Z,470.28125
2016-03-28T16:00:00Z,470.24242424242425
2016-04-21T16:00:00Z,469.96875
2016-04-30T17:00:00Z,469.8
2016-04-07T12:00:00Z,468.9375
2016-03-17T21:00:00Z,468.6666666666667
2016-03-19T12:00:00Z,468.6666666666667
2016-04-05T17:00:00Z,467.84375
2016-04-27T12:00:00Z,467.40625
2016-04-20T15:00:00Z,466.875
2016-05-03T14:00:00Z,465.41379310344826
2016-03-30T18:00:00Z,465.06060606060606
2016-03-29T09:00:00Z,464.6666666666667
2016-05-01T19:00:00Z,464.62068965517244
2016-05-10T14:00:00Z,463.125
2016-05-01T18:00:00Z,462.6896551724138
2016-03-22T20:00:00Z,462.3636363636364
2016-04-28T10:00:00Z,462.28125
2016-04-14T14:00:00Z,461.6969696969697
2016-04-16T10:00:00Z,461.09375
2016-03-16T08:00:00Z,460.7878787878788
2016-03-16T21:00:00Z,460.6666666666667
2016-04-28T18:00:00Z,460.5625
2016-04-20T16:00:00Z,460.1875
2016-04-06T10:00:00Z,459.90625
2016-03-31T11:00:00Z,459.27272727272725
2016-03-16T16:00:00Z,459.1818181818182
2016-04-14T10:00:00Z,458.93939393939394
2016-04-05T16:00:00Z,458.5
2016-05-05T18:00:00Z,458.2758620689655
2016-03-31T17:00:00Z,457.2121212121212
2016-04-06T11:00:00Z,457.1875
2016-04-04T08:00:00Z,455
2016-05-05T08:00:00Z,453.7586206896552
2016-03-31T15:00:00Z,453.45454545454544
2016-04-25T07:00:00Z,453.09375
2016-04-30T20:00:00Z,453.06666666666666
2016-03-23T09:00:00Z,452.93939393939394
2016-03-24T10:00:00Z,452.6363636363636
2016-03-18T19:00:00Z,452.3333333333333
2016-03-30T09:00:00Z,452.1818181818182
2016-03-23T14:00:00Z,451.90909090909093
2016-05-05T11:00:00Z,451.86206896551727
2016-04-08T09:00:00Z,451.5
2016-03-30T16:00:00Z,450.8181818181818
2016-04-08T18:00:00Z,450.03225806451616
2016-04-20T20:00:00Z,449.84375
2016-03-18T16:00:00Z,449.5151515151515
2016-04-17T13:00:00Z,448.78125
2016-03-26T11:00:00Z,448.54545454545456
2016-04-11T16:00:00Z,448.3333333333333
2016-05-08T17:00:00Z,446.9259259259259
2016-04-23T09:00:00Z,446.3125
2016-04-05T20:00:00Z,445.96875
2016-04-13T09:00:00Z,445.5151515151515
2016-03-20T16:00:00Z,444.45454545454544
2016-05-05T13:00:00Z,443.62068965517244
2016-04-29T17:00:00Z,443.5483870967742
2016-04-25T16:00:00Z,443.5
2016-04-29T15:00:00Z,443.258064516129
2016-03-27T10:00:00Z,443.030303030303
2016-03-25T12:00:00Z,442.969696969697
2016-04-12T16:00:00Z,442.90909090909093
2016-05-06T16:00:00Z,442.8965517241379
2016-03-20T17:00:00Z,442.54545454545456
2016-04-21T17:00:00Z,441.09375
2016-05-07T09:00:00Z,440.7857142857143
2016-04-03T14:00:00Z,440.75
2016-03-17T14:00:00Z,440.030303030303
2016-04-06T14:00:00Z,439.75
2016-05-08T18:00:00Z,439.44444444444446
2016-03-13T09:00:00Z,439.42424242424244
2016-05-04T10:00:00Z,439.3448275862069
2016-04-14T11:00:00Z,439.06060606060606
2016-03-19T20:00:00Z,438.969696969697
2016-04-17T15:00:00Z,438.8125
2016-03-13T16:00:00Z,438.24242424242425
2016-03-26T17:00:00Z,438.06060606060606
2016-05-08T10:00:00Z,437.85185185185185
2016-04-08T11:00:00Z,437.1875
2016-04-12T09:00:00Z,436.969696969697
2016-04-02T15:00:00Z,436.5151515151515
2016-03-20T09:00:00Z,435.54545454545456
2016-04-16T18:00:00Z,435.09375
2016-04-16T17:00:00Z,435.0625
2016-04-11T09:00:00Z,434.28
2016-04-15T17:00:00Z,434.21875
2016-03-30T17:00:00Z,433.6969696969697
2016-05-07T17:00:00Z,433.6666666666667
2016-04-17T18:00:00Z,433.5
2016-03-22T08:00:00Z,433.09090909090907
2016-04-12T11:00:00Z,432.54545454545456
2016-04-01T17:00:00Z,432.2121212121212
2016-04-14T13:00:00Z,431.969696969697
2016-04-05T10:00:00Z,431.7878787878788
2016-05-06T20:00:00Z,431.6896551724138
2016-03-13T08:00:00Z,431.3939393939394
2016-03-22T10:00:00Z,431.3939393939394
2016-05-02T14:00:00Z,431.17241379310343
2016-04-13T16:00:00Z,430.75757575757575
2016-04-28T11:00:00Z,429.6875
2016-04-29T08:00:00Z,429.6774193548387
2016-03-22T11:00:00Z,429.42424242424244
2016-03-24T16:00:00Z,429.09090909090907
2016-04-03T19:00:00Z,429.0625
2016-03-29T10:00:00Z,428.969696969697
2016-04-23T20:00:00Z,428.34375
2016-04-12T13:00:00Z,427.8787878787879
2016-04-03T09:00:00Z,427.1875
2016-05-02T20:00:00Z,426.7931034482759
2016-03-31T10:00:00Z,426.5151515151515
2016-03-23T08:00:00Z,426.4848484848485
2016-04-27T08:00:00Z,426.46875
2016-03-20T13:00:00Z,426.3636363636364
2016-03-24T09:00:00Z,426.2121212121212
2016-04-08T15:00:00Z,425.65625
2016-03-28T17:00:00Z,425.42424242424244
2016-05-10T21:00:00Z,425.125
2016-04-24T19:00:00Z,424.8125
2016-04-29T13:00:00Z,424.5483870967742
2016-05-06T07:00:00Z,424.51724137931035
2016-05-04T18:00:00Z,423.9655172413793
2016-03-19T10:00:00Z,423.6969696969697
2016-04-22T20:00:00Z,423.3125
2016-03-20T19:00:00Z,423.030303030303
2016-03-31T08:00:00Z,423
2016-03-28T20:00:00Z,422.54545454545456
2016-05-03T13:00:00Z,422.44827586206895
2016-04-07T18:00:00Z,422.125
2016-05-06T18:00:00Z,420.1034482758621
2016-03-12T13:00:00Z,420.030303030303
2016-04-05T14:00:00Z,419.96875
2016-04-15T07:00:00Z,419.93939393939394
2016-05-09T21:00:00Z,419.56
2016-05-03T07:00:00Z,419.1034482758621
2016-03-29T20:00:00Z,419.06060606060606
2016-03-31T13:00:00Z,418.6363636363636
2016-03-31T18:00:00Z,418.4848484848485
2016-04-25T11:00:00Z,418.4375
2016-03-17T13:00:00Z,417.75757575757575
2016-03-15T09:00:00Z,417.27272727272725
2016-04-12T08:00:00Z,417.2121212121212
2016-03-14T17:00:00Z,416.3636363636364
2016-04-15T14:00:00Z,416
2016-05-02T16:00:00Z,414.55172413793105
2016-04-21T09:00:00Z,414.15625
2016-03-15T16:00:00Z,414.06060606060606
2016-03-15T11:00:00Z,413.1515151515151
2016-04-19T07:00:00Z,413
2016-05-03T11:00:00Z,412.3103448275862
2016-04-02T14:00:00Z,411.3333333333333
2016-05-02T17:00:00Z,410.2068965517241
2016-03-16T12:00:00Z,409.6060606060606
2016-03-30T15:00:00Z,409.4848484848485
2016-04-12T07:00:00Z,409.45454545454544
2016-03-16T15:00:00Z,409.3333333333333
2016-05-03T21:00:00Z,409.17241379310343
2016-04-22T12:00:00Z,408.53125
2016-04-01T10:00:00Z,408.4848484848485
2016-04-08T20:00:00Z,407.7096774193548
2016-04-07T16:00:00Z,407.6875
2016-04-19T14:00:00Z,407.46875
2016-05-09T08:00:00Z,407.3703703703704
2016-03-12T10:00:00Z,407.24242424242425
2016-03-19T15:00:00Z,407.06060606060606
2016-04-14T20:00:00Z,406.6969696969697
2016-05-02T13:00:00Z,405.6896551724138
2016-03-21T08:00:00Z,405.4848484848485
2016-04-22T16:00:00Z,404.4375
2016-04-05T07:00:00Z,404.27272727272725
2016-04-02T19:00:00Z,404.09375
2016-04-26T09:00:00Z,403.6875
2016-04-19T15:00:00Z,403.53125
2016-04-08T10:00:00Z,403.46875
2016-04-22T07:00:00Z,403.1875
2016-04-26T10:00:00Z,403.125
2016-05-06T09:00:00Z,402.6551724137931
2016-05-05T15:00:00Z,402.51724137931035
2016-04-21T20:00:00Z,402.46875
2016-05-08T11:00:00Z,401.74074074074076
2016-03-29T11:00:00Z,401.72727272727275
2016-03-16T17:00:00Z,401.45454545454544
2016-04-29T07:00:00Z,401.3225806451613
2016-05-04T16:00:00Z,401.0344827586207
2016-04-26T15:00:00Z,400.375
2016-05-07T20:00:00Z,400.3703703703704
2016-03-17T17:00:00Z,400.3636363636364
2016-04-24T16:00:00Z,400.1875
2016-04-10T14:00:00Z,400.0769230769231
2016-03-20T12:00:00Z,399.7878787878788
2016-05-02T08:00:00Z,399
2016-05-03T08:00:00Z,398.7931034482759
2016-03-30T19:00:00Z,398.75757575757575
2016-04-19T10:00:00Z,398.65625
2016-03-20T20:00:00Z,398.4848484848485
2016-05-02T09:00:00Z,398.2758620689655
2016-03-30T08:00:00Z,398.06060606060606
2016-05-10T07:00:00Z,398
2016-04-06T15:00:00Z,397.9375
2016-05-01T11:00:00Z,397.8666666666667
2016-03-18T12:00:00Z,397.8484848484849
2016-03-27T19:00:00Z,397.6666666666667
2016-05-02T10:00:00Z,396.58620689655174
2016-04-26T08:00:00Z,396.46875
2016-03-25T09:00:00Z,396.3939393939394
2016-03-14T13:00:00Z,396.3030303030303
2016-04-05T09:00:00Z,396.3030303030303
2016-04-20T11:00:00Z,396.28125
2016-03-31T20:00:00Z,396.2121212121212
2016-04-11T14:00:00Z,395.9583333333333
2016-03-26T19:00:00Z,395.6363636363636
2016-03-21T20:00:00Z,395.3939393939394
2016-05-04T09:00:00Z,394.48275862068965
2016-04-19T20:00:00Z,394.34375
2016-04-17T12:00:00Z,394.21875
2016-04-29T10:00:00Z,394
2016-05-07T18:00:00Z,393.5925925925926
2016-05-03T20:00:00Z,392.6551724137931
2016-05-03T12:00:00Z,392.2068965517241
2016-03-26T10:00:00Z,392
2016-04-26T20:00:00Z,391.40625
2016-04-05T21:00:00Z,391
2016-04-01T16:00:00Z,390.72727272727275
2016-05-07T15:00:00Z,390.7037037037037
2016-03-24T17:00:00Z,390.6666666666667
2016-03-14T12:00:00Z,390.6060606060606
2016-05-12T11:00:00Z,390.6
2016-03-29T07:00:00Z,390.57575757575756
2016-04-03T13:00:00Z,389.65625
2016-04-20T10:00:00Z,389.28125
2016-04-24T08:00:00Z,388.84375
2016-04-01T11:00:00Z,388.030303030303
2016-03-31T16:00:00Z,388
2016-04-18T11:00:00Z,387.6875
2016-05-12T07:00:00Z,387.1666666666667
2016-04-25T14:00:00Z,386.90625
2016-04-02T18:00:00Z,386.875
2016-04-14T12:00:00Z,386.3939393939394
2016-03-21T18:00:00Z,386.27272727272725
2016-05-01T13:00:00Z,386
2016-05-10T09:00:00Z,384.5
2016-03-16T13:00:00Z,384.3333333333333
2016-03-29T08:00:00Z,384.3333333333333
2016-04-09T08:00:00Z,384.0344827586207
2016-04-01T20:00:00Z,384.030303030303
2016-04-17T09:00:00Z,383.625
2016-05-06T08:00:00Z,383.58620689655174
2016-04-11T15:00:00Z,383.3333333333333
2016-04-01T13:00:00Z,382.2121212121212
2016-03-15T17:00:00Z,380.06060606060606
2016-03-24T14:00:00Z,379.45454545454544
2016-03-19T13:00:00Z,378.8181818181818
2016-05-07T22:00:00Z,378.22222222222223
2016-03-30T10:00:00Z,377.90909090909093
2016-03-22T17:00:00Z,377.1515151515151
2016-04-22T17:00:00Z,376.8125
2016-04-29T20:00:00Z,375.3225806451613
2016-04-25T20:00:00Z,375.28125
2016-04-21T13:00:00Z,375.25
2016-03-25T18:00:00Z,374.3939393939394
2016-04-15T09:00:00Z,374.3636363636364
2016-04-15T20:00:00Z,374.125
2016-05-06T11:00:00Z,373.86206896551727
2016-03-25T17:00:00Z,373.4848484848485
2016-05-11T10:00:00Z,373.3478260869565
2016-05-09T12:00:00Z,373.11538461538464
2016-04-18T14:00:00Z,371.9375
2016-04-06T20:00:00Z,371.65625
2016-03-24T18:00:00Z,371.57575757575756
2016-04-15T08:00:00Z,371.5151515151515
2016-03-21T09:00:00Z,371.27272727272725
2016-04-15T12:00:00Z,370.6666666666667
2016-05-06T12:00:00Z,370.58620689655174
2016-05-10T16:00:00Z,369.625
2016-05-02T12:00:00Z,369.62068965517244
2016-04-09T09:00:00Z,368.8965517241379
2016-04-10T20:00:00Z,368.76
2016-03-25T08:00:00Z,368.6969696969697
2016-04-03T10:00:00Z,368.15625
2016-04-22T11:00:00Z,367.375
2016-04-22T21:00:00Z,366.46875
2016-05-02T11:00:00Z,366.37931034482756
2016-04-09T21:00:00Z,366.07142857142856
2016-04-27T20:00:00Z,365.15625
2016-04-27T16:00:00Z,364.40625
2016-03-13T12:00:00Z,363.8787878787879
2016-03-20T10:00:00Z,363.54545454545456
2016-04-20T07:00:00Z,363.46875
2016-03-29T21:00:00Z,363.09090909090907
2016-03-29T17:00:00Z,362.8787878787879
2016-03-13T18:00:00Z,362.42424242424244
2016-03-24T19:00:00Z,362.1818181818182
2016-05-05T07:00:00Z,362
2016-03-18T15:00:00Z,361.8787878787879
2016-04-23T22:00:00Z,361.75
2016-05-03T09:00:00Z,361.58620689655174
2016-03-20T08:00:00Z,361.5151515151515
2016-03-25T20:00:00Z,360.6363636363636
2016-04-02T20:00:00Z,360.375
2016-04-14T07:00:00Z,359.4848484848485
2016-03-12T09:00:00Z,359.3030303030303
2016-04-01T12:00:00Z,358.57575757575756
2016-04-13T13:00:00Z,358.45454545454544
2016-04-01T14:00:00Z,358.3939393939394
2016-03-24T11:00:00Z,357.3333333333333
2016-05-02T07:00:00Z,357.13793103448273
2016-04-13T10:00:00Z,357.1212121212121
2016-04-15T10:00:00Z,356.90909090909093
2016-03-16T07:00:00Z,356.7878787878788
2016-05-09T11:00:00Z,356.51851851851853
2016-04-18T17:00:00Z,354.84375
2016-03-17T08:00:00Z,354.7878787878788
2016-03-23T16:00:00Z,351.4848484848485
2016-03-15T21:00:00Z,350.5151515151515
2016-03-15T10:00:00Z,350.42424242424244
2016-03-22T14:00:00Z,349.57575757575756
2016-03-19T09:00:00Z,349.3636363636364
2016-05-01T12:00:00Z,349.1
2016-04-04T09:00:00Z,349.03125
2016-04-05T11:00:00Z,348.3939393939394
2016-05-01T16:00:00Z,348.13793103448273
2016-05-11T19:00:00Z,347.42857142857144
2016-03-23T17:00:00Z,346.42424242424244
2016-05-08T20:00:00Z,346.2962962962963
2016-04-06T07:00:00Z,346.125
2016-03-23T11:00:00Z,346
2016-04-24T09:00:00Z,346
2016-04-26T14:00:00Z,345.0625
2016-03-14T14:00:00Z,344.8484848484849
2016-03-19T11:00:00Z,344.6969696969697
2016-05-11T09:00:00Z,344.30434782608694
2016-05-01T07:00:00Z,343.3333333333333
2016-05-06T06:00:00Z,343.3103448275862
2016-04-10T17:00:00Z,343.2
2016-05-09T20:00:00Z,343.08
2016-03-18T11:00:00Z,342.57575757575756
2016-03-28T15:00:00Z,342.27272727272725
2016-05-01T14:00:00Z,341.96666666666664
2016-03-17T16:00:00Z,340.6969696969697
2016-04-14T21:00:00Z,340.6363636363636
2016-04-21T21:00:00Z,339.8125
2016-04-18T15:00:00Z,339.46875
2016-04-30T09:00:00Z,338.6666666666667
2016-05-05T22:00:00Z,338.6551724137931
2016-03-31T07:00:00Z,337.72727272727275
2016-05-11T08:00:00Z,336.30434782608694
2016-04-26T06:00:00Z,335.34375
2016-04-12T21:00:00Z,335.27272727272725
2016-04-26T16:00:00Z,334.5625
2016-04-06T16:00:00Z,334.46875
2016-03-18T21:00:00Z,334.3939393939394
2016-04-02T09:00:00Z,333.72727272727275
2016-03-15T14:00:00Z,333.09090909090907
2016-03-28T18:00:00Z,333.09090909090907
2016-04-12T15:00:00Z,332.8181818181818
2016-05-10T20:00:00Z,332.5416666666667
2016-03-28T08:00:00Z,331.24242424242425
2016-05-02T21:00:00Z,331.2068965517241
2016-03-21T13:00:00Z,329.6060606060606
2016-05-09T09:00:00Z,329.5925925925926
2016-03-18T10:00:00Z,329.5151515151515
2016-03-29T15:00:00Z,329.4848484848485
2016-05-03T15:00:00Z,328.6551724137931
2016-03-13T17:00:00Z,328.45454545454544
2016-04-02T21:00:00Z,328.15625
2016-04-28T09:00:00Z,328
2016-03-23T15:00:00Z,327.8484848484849
2016-04-15T15:00:00Z,326.8484848484849
2016-04-28T20:00:00Z,325.90625
2016-04-11T20:00:00Z,325.6818181818182
2016-03-27T11:00:00Z,325.09090909090907
2016-04-28T07:00:00Z,324.9375
2016-05-06T17:00:00Z,324.44827586206895
2016-05-09T07:00:00Z,323.9259259259259
2016-03-23T07:00:00Z,323.72727272727275
2016-03-17T07:00:00Z,323.57575757575756
2016-03-18T08:00:00Z,323.1212121212121
2016-03-13T21:00:00Z,322.8181818181818
2016-04-10T19:00:00Z,322.76
2016-04-28T15:00:00Z,322.75
2016-05-11T20:00:00Z,322.57142857142856
2016-04-05T15:00:00Z,322.5625
2016-04-17T11:00:00Z,322.46875
2016-05-05T06:00:00Z,322.0344827586207
2016-03-29T16:00:00Z,321.24242424242425
2016-04-30T21:00:00Z,320.6333333333333
2016-04-13T11:00:00Z,320.27272727272725
2016-03-31T21:00:00Z,319.1515151515151
2016-03-14T15:00:00Z,318.75757575757575
2016-04-16T07:00:00Z,317.84375
2016-03-14T16:00:00Z,316.5151515151515
2016-04-16T20:00:00Z,316.40625
2016-04-13T14:00:00Z,316.3333333333333
2016-05-07T21:00:00Z,316.2962962962963
2016-04-28T06:00:00Z,315.71875
2016-03-21T11:00:00Z,314.3333333333333
2016-03-18T20:00:00Z,314.24242424242425
2016-04-22T10:00:00Z,313.75
2016-04-16T16:00:00Z,313.65625
2016-04-10T09:00:00Z,312.9230769230769
2016-03-24T08:00:00Z,312.90909090909093
2016-03-26T12:00:00Z,312.6060606060606
2016-03-22T22:00:00Z,312.1515151515151
2016-04-13T07:00:00Z,312
2016-03-19T18:00:00Z,311.8484848484849
2016-04-22T14:00:00Z,311.15625
2016-04-19T21:00:00Z,310.25
2016-03-24T13:00:00Z,309.27272727272725
2016-03-14T10:00:00Z,308.8484848484849
2016-05-04T15:00:00Z,308.7931034482759
2016-04-27T10:00:00Z,308.5625
2016-04-12T20:00:00Z,308.3333333333333
2016-04-01T07:00:00Z,308.1818181818182
2016-03-23T10:00:00Z,308.030303030303
2016-04-28T08:00:00Z,307.5
2016-05-06T15:00:00Z,307.44827586206895
2016-04-22T15:00:00Z,306.125
2016-05-12T09:00:00Z,305.6111111111111
2016-03-21T15:00:00Z,305.5151515151515
2016-05-05T20:00:00Z,305.41379310344826
2016-05-06T10:00:00Z,305.41379310344826
2016-04-01T22:00:00Z,305.1515151515151
2016-04-18T20:00:00Z,304.875
2016-03-19T19:00:00Z,304.5151515151515
2016-04-29T09:00:00Z,304.06451612903226
2016-03-14T08:00:00Z,304.06060606060606
2016-03-19T17:00:00Z,303.969696969697
2016-04-07T11:00:00Z,301.90625
2016-04-18T07:00:00Z,301.03125
2016-03-29T14:00:00Z,300
2016-03-29T19:00:00Z,299.93939393939394
2016-04-15T22:00:00Z,299.65625
2016-05-10T08:00:00Z,299.125
2016-03-22T21:00:00Z,298.8787878787879
2016-05-12T08:00:00Z,298.72222222222223
2016-04-03T21:00:00Z,298
2016-03-14T11:00:00Z,297.06060606060606
2016-03-15T07:00:00Z,297
2016-05-04T22:00:00Z,296.82758620689657
2016-04-14T15:00:00Z,294.6060606060606
2016-04-25T15:00:00Z,294.15625
2016-05-07T08:00:00Z,293.89285714285717
2016-03-17T20:00:00Z,292.8787878787879
2016-03-25T19:00:00Z,292.1818181818182
2016-05-06T21:00:00Z,291.44827586206895
2016-03-15T15:00:00Z,288.27272727272725
2016-05-03T06:00:00Z,287.9655172413793
2016-04-27T09:00:00Z,286.6875
2016-03-25T16:00:00Z,286.6363636363636
2016-04-26T21:00:00Z,284.46875
2016-04-06T21:00:00Z,283.96875
2016-05-04T12:00:00Z,283.37931034482756
2016-05-10T15:00:00Z,283.375
2016-03-22T12:00:00Z,283.3030303030303
2016-03-12T20:00:00Z,283.1212121212121
2016-03-24T20:00:00Z,282.6363636363636
2016-04-26T07:00:00Z,282.5625
2016-03-30T07:00:00Z,281.8787878787879
2016-03-13T22:00:00Z,281.54545454545456
2016-05-10T22:00:00Z,280.6666666666667
2016-04-17T20:00:00Z,280.125
2016-04-07T15:00:00Z,279.25
2016-05-04T11:00:00Z,279.2068965517241
2016-03-26T08:00:00Z,279
2016-05-04T21:00:00Z,277.9310344827586
2016-03-25T14:00:00Z,277.8181818181818
2016-03-28T10:00:00Z,277.7878787878788
2016-05-01T15:00:00Z,273.8666666666667
2016-03-14T07:00:00Z,273.1212121212121
2016-04-28T22:00:00Z,272.09375
2016-04-05T06:00:00Z,272.06060606060606
2016-03-24T07:00:00Z,271
2016-04-19T09:00:00Z,270.90625
2016-03-20T11:00:00Z,269.6666666666667
2016-03-12T07:00:00Z,269.54545454545456
2016-04-08T07:00:00Z,268.78125
2016-04-11T08:00:00Z,268.68
2016-04-01T15:00:00Z,268.27272727272725
2016-03-27T18:00:00Z,268.2121212121212
2016-04-07T21:00:00Z,268.03125
2016-04-03T08:00:00Z,265.5625
2016-04-03T12:00:00Z,264.46875
2016-03-15T08:00:00Z,264.42424242424244
2016-04-19T22:00:00Z,264.125
2016-05-04T23:00:00Z,263.9310344827586
2016-03-22T09:00:00Z,263.3636363636364
2016-04-21T07:00:00Z,262.0625
2016-04-09T22:00:00Z,261.60714285714283
2016-04-16T22:00:00Z,260.84375
2016-05-04T20:00:00Z,260.48275862068965
2016-03-23T12:00:00Z,259.93939393939394
2016-04-24T21:00:00Z,259.375
2016-03-27T09:00:00Z,258.6363636363636
2016-03-22T07:00:00Z,257.7878787878788
2016-05-04T13:00:00Z,257.6551724137931
2016-03-16T10:00:00Z,256.57575757575756
2016-05-06T22:00:00Z,256.48275862068965
2016-03-12T21:00:00Z,255.93939393939394
2016-04-13T20:00:00Z,255.78787878787878
2016-04-16T21:00:00Z,255.5
2016-03-23T13:00:00Z,255.06060606060606
2016-04-27T07:00:00Z,254.4375
2016-04-04T14:00:00Z,253.46875
2016-05-04T08:00:00Z,253.27586206896552
2016-04-24T20:00:00Z,253.21875
2016-03-16T22:00:00Z,252.06060606060606
2016-04-10T23:00:00Z,252.04
2016-04-04T15:00:00Z,251.75
2016-04-19T11:00:00Z,251.34375
2016-03-25T21:00:00Z,248.9090909090909
2016-04-21T22:00:00Z,246.25
2016-03-26T13:00:00Z,246.24242424242425
2016-04-13T15:00:00Z,244.9090909090909
2016-03-25T10:00:00Z,243.6969696969697
2016-03-22T16:00:00Z,243
2016-04-21T06:00:00Z,240.5
2016-04-07T07:00:00Z,238.6875
2016-03-18T07:00:00Z,238.3939393939394
2016-03-24T21:00:00Z,238.36363636363637
2016-04-26T22:00:00Z,237.90625
2016-04-20T22:00:00Z,237.28125
2016-04-30T22:00:00Z,237
2016-04-28T21:00:00Z,236.6875
2016-04-04T07:00:00Z,236.125
2016-04-29T06:00:00Z,236
2016-03-21T19:00:00Z,234.6969696969697
2016-04-17T16:00:00Z,234.59375
2016-05-11T21:00:00Z,233.5
2016-05-10T06:00:00Z,233.41666666666666
2016-03-19T16:00:00Z,232.33333333333334
2016-03-30T21:00:00Z,232.33333333333334
2016-04-17T08:00:00Z,232.25
2016-04-08T21:00:00Z,231.32258064516128
2016-04-10T18:00:00Z,230.84
2016-04-10T21:00:00Z,230.68
2016-04-11T06:00:00Z,230.4
2016-03-21T17:00:00Z,229.21212121212122
2016-03-20T21:00:00Z,228.9090909090909
2016-04-29T22:00:00Z,228.8709677419355
2016-05-04T07:00:00Z,227.82758620689654
2016-03-19T23:00:00Z,227.3939393939394
2016-03-18T22:00:00Z,227.27272727272728
2016-04-29T21:00:00Z,226.93548387096774
2016-04-05T22:00:00Z,226.53125
2016-04-19T23:00:00Z,226.46875
2016-04-17T21:00:00Z,224.25
2016-04-14T22:00:00Z,223.78787878787878
2016-03-25T13:00:00Z,223.4848484848485
2016-04-15T23:00:00Z,223.25
2016-05-09T06:00:00Z,222.92592592592592
2016-03-20T18:00:00Z,222.87878787878788
2016-05-08T22:00:00Z,221
2016-04-01T21:00:00Z,220.93939393939394
2016-04-18T22:00:00Z,220.4375
2016-04-27T06:00:00Z,220.125
2016-03-30T20:00:00Z,217.6969696969697
2016-04-02T22:00:00Z,217.34375
2016-05-08T09:00:00Z,216.8148148148148
2016-05-09T23:00:00Z,216.6
2016-04-14T06:00:00Z,216.57575757575756
2016-05-11T06:00:00Z,215.82608695652175
2016-04-15T21:00:00Z,215.28125
2016-05-02T15:00:00Z,215.10344827586206
2016-05-02T06:00:00Z,214.48275862068965
2016-04-04T21:00:00Z,213.65625
2016-03-21T07:00:00Z,211.6969696969697
2016-03-31T23:00:00Z,211.5151515151515
2016-05-10T23:00:00Z,208.25
2016-04-13T21:00:00Z,205.12121212121212
2016-03-26T20:00:00Z,205
2016-03-30T06:00:00Z,200.4848484848485
2016-05-09T22:00:00Z,200.32
2016-04-03T23:00:00Z,199.3125
2016-03-23T20:00:00Z,198.96969696969697
2016-04-03T07:00:00Z,198.25
2016-04-15T06:00:00Z,195.4848484848485
2016-03-28T09:00:00Z,195.1818181818182
2016-04-22T06:00:00Z,194.25
2016-04-22T22:00:00Z,193.6875
2016-04-06T22:00:00Z,193.53125
2016-03-29T22:00:00Z,192.75757575757575
2016-04-30T08:00:00Z,192.6
2016-03-14T21:00:00Z,192.03030303030303
2016-03-29T06:00:00Z,191.9090909090909
2016-04-25T06:00:00Z,191.875
2016-04-20T06:00:00Z,190.625
2016-03-25T07:00:00Z,189.96969696969697
2016-03-25T15:00:00Z,189.75757575757575
2016-03-19T22:00:00Z,189.03030303030303
2016-04-17T22:00:00Z,188.15625
2016-04-20T21:00:00Z,188.15625
2016-04-19T06:00:00Z,187
2016-05-08T23:00:00Z,186.88888888888889
2016-03-12T22:00:00Z,186.6060606060606
2016-04-10T08:00:00Z,184.73076923076923
2016-04-25T22:00:00Z,181.53125
2016-03-26T22:00:00Z,181.27272727272728
2016-03-15T22:00:00Z,181.12121212121212
2016-05-05T23:00:00Z,179.82758620689654
2016-03-22T13:00:00Z,179.21212121212122
2016-04-30T23:00:00Z,177.46666666666667
2016-03-16T06:00:00Z,177.12121212121212
2016-03-17T22:00:00Z,177.03030303030303
2016-04-02T07:00:00Z,176.54545454545453
2016-05-07T07:00:00Z,175.92857142857142
2016-04-30T07:00:00Z,175.26666666666668
2016-04-07T22:00:00Z,174.8125
2016-04-01T06:00:00Z,172.8181818181818
2016-03-20T22:00:00Z,171.57575757575756
2016-03-27T20:00:00Z,170.93939393939394
2016-04-11T22:00:00Z,169.71428571428572
2016-04-27T21:00:00Z,169.5625
2016-04-13T22:00:00Z,169.36363636363637
2016-04-16T23:00:00Z,167.8125
2016-04-12T22:00:00Z,167.15151515151516
2016-04-27T22:00:00Z,166.6875
2016-03-26T21:00:00Z,166.36363636363637
2016-03-31T22:00:00Z,165.3030303030303
2016-03-14T05:00:00Z,164.63636363636363
2016-03-21T16:00:00Z,164.3939393939394
2016-04-02T08:00:00Z,163.9090909090909
2016-03-18T06:00:00Z,163.15151515151516
2016-04-17T07:00:00Z,162.46875
2016-03-28T07:00:00Z,161.3939393939394
2016-03-20T07:00:00Z,155.87878787878788
2016-04-22T23:00:00Z,154.59375
2016-05-01T20:00:00Z,154.27586206896552
2016-03-26T07:00:00Z,153.87878787878788
2016-03-24T15:00:00Z,153.42424242424244
2016-04-12T06:00:00Z,152.84848484848484
2016-05-08T08:00:00Z,152.66666666666666
2016-03-28T21:00:00Z,152.06060606060606
2016-04-04T06:00:00Z,151.28125
2016-04-08T06:00:00Z,151.25
2016-05-12T06:00:00Z,150.27777777777777
2016-04-13T06:00:00Z,150.15151515151516
2016-04-06T06:00:00Z,148.28125
2016-03-22T15:00:00Z,148.21212121212122
2016-03-19T21:00:00Z,146.93939393939394
2016-04-24T22:00:00Z,144.90625
2016-03-17T06:00:00Z,142.12121212121212
2016-05-11T07:00:00Z,141.69565217391303
2016-05-04T06:00:00Z,140.24137931034483
2016-03-21T22:00:00Z,138.21212121212122
2016-04-11T21:00:00Z,138.04545454545453
2016-03-14T23:00:00Z,137.6969696969697
2016-04-29T23:00:00Z,137.66666666666666
2016-04-07T06:00:00Z,137.4375
2016-05-01T06:00:00Z,135.6
2016-03-24T06:00:00Z,135.36363636363637
2016-05-06T23:00:00Z,135.3448275862069
2016-03-28T22:00:00Z,135.12121212121212
2016-05-08T07:00:00Z,134.8148148148148
2016-03-14T06:00:00Z,134.57575757575756
2016-04-18T21:00:00Z,133.9375
2016-05-03T05:00:00Z,133.0344827586207
2016-03-12T06:00:00Z,132.42424242424244
2016-04-26T05:00:00Z,131.8125
2016-03-17T23:00:00Z,129.84848484848484
2016-04-08T22:00:00Z,128.03225806451613
2016-03-25T22:00:00Z,126.15151515151516
2016-03-30T22:00:00Z,126
2016-04-17T00:00:00Z,125.3125
2016-03-23T22:00:00Z,124.87878787878788
2016-05-01T00:00:00Z,124.36666666666666
2016-04-13T23:00:00Z,122.81818181818181
2016-04-09T23:00:00Z,122.66666666666667
2016-03-13T07:00:00Z,121.72727272727273
2016-03-19T08:00:00Z,121.12121212121212
2016-03-27T07:00:00Z,120.45454545454545
2016-04-10T00:00:00Z,119.25925925925925
2016-05-11T22:00:00Z,119.21052631578948
2016-03-23T21:00:00Z,118.87878787878788
2016-03-15T05:00:00Z,117.6969696969697
2016-03-19T07:00:00Z,117.66666666666667
2016-05-05T05:00:00Z,113.27586206896552
2016-03-19T06:00:00Z,112.87878787878788
2016-05-01T22:00:00Z,112.65517241379311
2016-05-06T05:00:00Z,112.37931034482759
2016-05-02T22:00:00Z,111.20689655172414
2016-04-01T23:00:00Z,110.39393939393939
2016-04-17T01:00:00Z,109.9375
2016-03-28T06:00:00Z,109.87878787878788
2016-03-13T23:00:00Z,108.51515151515152
2016-04-06T23:00:00Z,106.90625
2016-03-25T06:00:00Z,106.42424242424242
2016-03-26T23:00:00Z,106.36363636363636
2016-05-01T23:00:00Z,106.17241379310344
2016-03-16T23:00:00Z,106.0909090909091
2016-03-31T06:00:00Z,105.93939393939394
2016-03-21T21:00:00Z,105.36363636363636
2016-04-02T23:00:00Z,104.3125
2016-04-05T23:00:00Z,103.96875
2016-03-25T00:00:00Z,103.93939393939394
2016-03-27T22:00:00Z,103.93939393939394
2016-04-23T23:00:00Z,102.84375
2016-05-03T23:00:00Z,102.62068965517241
2016-05-11T23:00:00Z,100.89473684210526
2016-04-24T23:00:00Z,97.09375
2016-05-10T05:00:00Z,97.08333333333333
2016-04-16T06:00:00Z,94.71875
2016-04-10T22:00:00Z,93.72
2016-03-15T23:00:00Z,92.81818181818181
2016-04-09T06:00:00Z,92.44827586206897
2016-04-03T22:00:00Z,92.125
2016-03-12T23:00:00Z,92.0909090909091
2016-04-07T23:00:00Z,92
2016-04-18T06:00:00Z,90.40625
2016-04-27T23:00:00Z,89.90625
2016-03-27T21:00:00Z,89.48484848484848
2016-03-20T23:00:00Z,89
2016-04-04T22:00:00Z,88.375
2016-03-18T23:00:00Z,88.24242424242425
2016-03-26T00:00:00Z,88.06060606060606
2016-03-15T06:00:00Z,87.21212121212122
2016-04-24T07:00:00Z,86.6875
2016-04-11T23:00:00Z,86.23809523809524
2016-04-28T23:00:00Z,83.84375
2016-04-26T23:00:00Z,82.3125
2016-05-03T01:00:00Z,80.37931034482759
2016-03-27T08:00:00Z,80.12121212121212
2016-03-24T22:00:00Z,79
2016-04-06T00:00:00Z,78.4375
2016-03-22T23:00:00Z,78.27272727272727
2016-03-23T06:00:00Z,78.21212121212122
2016-03-20T06:00:00Z,78.0909090909091
2016-04-28T05:00:00Z,77.9375
2016-04-12T23:00:00Z,76.75757575757575
2016-03-29T23:00:00Z,76.6969696969697
2016-04-20T23:00:00Z,76.65625
2016-04-21T23:00:00Z,75.90625
2016-03-30T00:00:00Z,75.54545454545455
2016-04-23T07:00:00Z,74.75
2016-04-10T07:00:00Z,74.34615384615384
2016-04-17T02:00:00Z,74.21875
2016-04-10T06:00:00Z,71.76923076923077
2016-04-03T06:00:00Z,70.21875
2016-03-27T00:00:00Z,70.03030303030303
2016-03-28T23:00:00Z,69.87878787878788
2016-05-01T21:00:00Z,69.65517241379311
2016-03-25T23:00:00Z,69.3030303030303
2016-04-08T23:00:00Z,68.33333333333333
2016-04-14T23:00:00Z,66.84848484848484
2016-03-22T06:00:00Z,65.06060606060606
2016-05-07T00:00:00Z,64.79310344827586
2016-04-19T05:00:00Z,64.28125
2016-04-17T23:00:00Z,63.96875
2016-03-23T23:00:00Z,63.78787878787879
2016-04-16T00:00:00Z,63.34375
2016-04-04T23:00:00Z,62.8125
2016-05-01T05:00:00Z,62.56666666666667
2016-04-30T06:00:00Z,62.166666666666664
2016-03-30T23:00:00Z,60.78787878787879
2016-04-15T05:00:00Z,60.78787878787879
2016-04-23T00:00:00Z,60.40625
2016-05-08T02:00:00Z,59.25925925925926
2016-04-02T00:00:00Z,58.60606060606061
2016-03-21T23:00:00Z,57.75757575757576
2016-04-15T00:00:00Z,57.75757575757576
2016-04-01T05:00:00Z,56.696969696969695
2016-05-06T00:00:00Z,55.13793103448276
2016-04-18T23:00:00Z,54.09375
2016-03-21T06:00:00Z,53.96969696969697
2016-04-28T00:00:00Z,53.3125
2016-04-10T01:00:00Z,53.25925925925926
2016-03-21T00:00:00Z,53.06060606060606
2016-05-07T23:00:00Z,52.96296296296296
2016-05-04T00:00:00Z,52.93103448275862
2016-03-27T06:00:00Z,52.84848484848485
2016-05-04T05:00:00Z,52.37931034482759
2016-04-17T06:00:00Z,52.15625
2016-05-01T02:00:00Z,50.96666666666667
2016-04-11T00:00:00Z,50.92
2016-04-20T05:00:00Z,50.0625
2016-05-03T04:00:00Z,50.03448275862069
2016-05-07T06:00:00Z,49.714285714285715
2016-03-14T22:00:00Z,49.45454545454545
2016-03-16T05:00:00Z,48.84848484848485
2016-05-11T05:00:00Z,48.43478260869565
2016-05-02T04:00:00Z,47.41379310344828
2016-03-16T00:00:00Z,47.06060606060606
2016-03-23T00:00:00Z,45.72727272727273
2016-05-02T05:00:00Z,45.310344827586206
2016-04-24T01:00:00Z,43.65625
2016-04-24T00:00:00Z,43.53125
2016-03-17T05:00:00Z,43.484848484848484
2016-04-24T06:00:00Z,43.21875
2016-03-27T01:00:00Z,43.21212121212121
2016-04-18T00:00:00Z,43.09375
2016-04-09T01:00:00Z,42.8
2016-05-10T00:00:00Z,42.5
2016-03-20T00:00:00Z,41.878787878787875
2016-03-13T06:00:00Z,41.39393939393939
2016-05-02T23:00:00Z,41.37931034482759
2016-05-03T00:00:00Z,40.62068965517241
2016-03-26T06:00:00Z,40
2016-04-07T00:00:00Z,39.9375
2016-04-23T06:00:00Z,39.9375
2016-03-25T01:00:00Z,39.84848484848485
2016-04-29T00:00:00Z,39.8125
2016-03-18T00:00:00Z,39.27272727272727
2016-04-22T05:00:00Z,39.15625
2016-04-03T00:00:00Z,38.75
2016-05-05T00:00:00Z,38.689655172413794
2016-04-12T00:00:00Z,38.54545454545455
2016-04-25T05:00:00Z,38.375
2016-04-25T23:00:00Z,38.28125
2016-03-27T05:00:00Z,37.81818181818182
2016-04-14T00:00:00Z,37.42424242424242
2016-04-28T01:00:00Z,37.40625
2016-04-29T05:00:00Z,37.40625
2016-04-06T05:00:00Z,37.28125
2016-03-12T05:00:00Z,37.06060606060606
2016-03-12T00:00:00Z,37
2016-03-28T00:00:00Z,36.63636363636363
2016-04-04T00:00:00Z,36.375
2016-03-15T04:00:00Z,35.42424242424242
2016-05-01T01:00:00Z,33.46666666666667
2016-03-29T00:00:00Z,33.27272727272727
2016-03-31T02:00:00Z,33.18181818181818
2016-05-09T05:00:00Z,32.888888888888886
2016-03-16T01:00:00Z,32.57575757575758
2016-03-26T01:00:00Z,32.303030303030305
2016-05-11T00:00:00Z,32
2016-04-30T01:00:00Z,31.966666666666665
2016-03-15T00:00:00Z,31.939393939393938
2016-05-08T00:00:00Z,31.85185185185185
2016-04-30T00:00:00Z,31.7
2016-05-02T03:00:00Z,31.620689655172413
2016-04-05T01:00:00Z,31.545454545454547
2016-04-08T05:00:00Z,31.25
2016-04-05T04:00:00Z,30.96969696969697
2016-03-19T00:00:00Z,30.90909090909091
2016-03-22T00:00:00Z,30.87878787878788
2016-04-01T01:00:00Z,30.181818181818183
2016-05-06T04:00:00Z,30.03448275862069
2016-03-31T00:00:00Z,29.78787878787879
2016-03-24T23:00:00Z,29.575757575757574
2016-04-30T04:00:00Z,29.066666666666666
2016-04-02T06:00:00Z,29.03030303030303
2016-03-18T05:00:00Z,28.727272727272727
2016-03-18T02:00:00Z,28.636363636363637
2016-03-15T03:00:00Z,28.606060606060606
2016-03-13T00:00:00Z,28.303030303030305
2016-04-25T00:00:00Z,28.15625
2016-04-21T05:00:00Z,27.8125
2016-04-08T00:00:00Z,27.40625
2016-04-27T00:00:00Z,27.40625
2016-04-22T02:00:00Z,27.28125
2016-05-09T00:00:00Z,26.703703703703702
2016-04-22T01:00:00Z,25.9375
2016-03-17T00:00:00Z,25.696969696969695
2016-04-20T00:00:00Z,25.09375
2016-04-22T00:00:00Z,25
2016-05-02T01:00:00Z,24.96551724137931
2016-04-27T05:00:00Z,24.84375
2016-04-03T01:00:00Z,24.3125
2016-05-07T01:00:00Z,24.178571428571427
2016-05-12T05:00:00Z,23.61111111111111
2016-05-04T02:00:00Z,23.551724137931036
2016-04-06T01:00:00Z,23.0625
2016-04-09T00:00:00Z,23
2016-04-09T02:00:00Z,22.533333333333335
2016-04-05T00:00:00Z,22.151515151515152
2016-03-12T01:00:00Z,22
2016-04-13T04:00:00Z,21.96969696969697
2016-04-28T02:00:00Z,21.9375
2016-05-06T01:00:00Z,21.75862068965517
2016-04-07T01:00:00Z,21.71875
2016-04-14T05:00:00Z,21.636363636363637
2016-04-09T05:00:00Z,21.620689655172413
2016-04-05T02:00:00Z,21.606060606060606
2016-04-13T00:00:00Z,21.242424242424242
2016-05-02T00:00:00Z,20.689655172413794
2016-04-13T01:00:00Z,20.666666666666668
2016-04-13T02:00:00Z,20.575757575757574
2016-05-04T01:00:00Z,20.344827586206897
2016-03-19T02:00:00Z,20.333333333333332
2016-05-06T03:00:00Z,20.137931034482758
2016-05-09T01:00:00Z,19.88888888888889
2016-04-01T04:00:00Z,19.848484848484848
2016-04-01T00:00:00Z,19.818181818181817
2016-03-19T01:00:00Z,19.757575757575758
2016-05-02T02:00:00Z,19.724137931034484
2016-03-24T00:00:00Z,19.484848484848484
2016-03-14T04:00:00Z,19.454545454545453
2016-03-19T03:00:00Z,19.424242424242426
2016-03-25T05:00:00Z,19.303030303030305
2016-05-11T04:00:00Z,19.130434782608695
2016-03-21T02:00:00Z,19.12121212121212
2016-05-07T02:00:00Z,18.928571428571427
2016-04-23T02:00:00Z,18.46875
2016-04-22T03:00:00Z,18.28125
2016-04-27T01:00:00Z,18.125
2016-05-04T04:00:00Z,17.75862068965517
2016-04-11T01:00:00Z,17.6
2016-04-26T01:00:00Z,17.5
2016-03-27T23:00:00Z,17.454545454545453
2016-04-09T03:00:00Z,17.379310344827587
2016-05-08T06:00:00Z,17.11111111111111
2016-05-08T01:00:00Z,16.814814814814813
2016-05-06T02:00:00Z,16.79310344827586
2016-04-30T05:00:00Z,16.4
2016-05-10T02:00:00Z,16.333333333333332
2016-04-29T01:00:00Z,16.21875
2016-03-20T01:00:00Z,15.969696969696969
2016-04-22T04:00:00Z,15.875
2016-04-24T02:00:00Z,15.6875
2016-03-23T01:00:00Z,15.545454545454545
2016-03-13T05:00:00Z,15.484848484848484
2016-04-02T03:00:00Z,15.484848484848484
2016-05-10T04:00:00Z,15.458333333333334
2016-04-04T01:00:00Z,15.4375
2016-03-23T02:00:00Z,15.242424242424242
2016-04-19T00:00:00Z,15.21875
2016-03-22T01:00:00Z,15.090909090909092
2016-04-27T02:00:00Z,14.8125
2016-04-28T03:00:00Z,14.8125
2016-04-05T05:00:00Z,14.787878787878787
2016-05-12T02:00:00Z,14.736842105263158
2016-04-25T01:00:00Z,14.625
2016-03-30T01:00:00Z,14.424242424242424
2016-03-18T01:00:00Z,14.393939393939394
2016-04-23T01:00:00Z,14.375
2016-03-13T01:00:00Z,14.363636363636363
2016-03-17T01:00:00Z,14.212121212121213
2016-03-28T04:00:00Z,13.969696969696969
2016-04-23T03:00:00Z,13.96875
2016-04-30T03:00:00Z,13.966666666666667
2016-04-11T05:00:00Z,13.96
2016-04-13T05:00:00Z,13.666666666666666
2016-03-24T01:00:00Z,13.606060606060606
2016-04-04T05:00:00Z,13.53125
2016-04-05T03:00:00Z,13.363636363636363
2016-04-12T02:00:00Z,13.363636363636363
2016-03-23T03:00:00Z,13.333333333333334
2016-05-05T04:00:00Z,13.068965517241379
2016-04-21T01:00:00Z,12.9375
2016-03-14T01:00:00Z,12.666666666666666
2016-04-21T00:00:00Z,12.65625
2016-03-15T01:00:00Z,12.606060606060606
2016-04-15T01:00:00Z,12.575757575757576
2016-04-29T02:00:00Z,12.46875
2016-03-12T02:00:00Z,12.393939393939394
2016-05-07T05:00:00Z,12.285714285714286
2016-04-07T04:00:00Z,12.28125
2016-04-11T02:00:00Z,12.24
2016-04-19T01:00:00Z,12.03125
2016-04-03T05:00:00Z,12
2016-04-02T02:00:00Z,11.848484848484848
2016-03-18T03:00:00Z,11.787878787878787
2016-04-14T01:00:00Z,11.757575757575758
2016-03-28T01:00:00Z,11.727272727272727
2016-03-29T01:00:00Z,11.727272727272727
2016-03-29T04:00:00Z,11.666666666666666
2016-05-08T04:00:00Z,11.518518518518519
2016-04-18T05:00:00Z,11.5
2016-03-13T03:00:00Z,11.212121212121213
2016-03-23T05:00:00Z,11.151515151515152
2016-04-21T02:00:00Z,11.03125
2016-04-06T04:00:00Z,10.9375
2016-03-21T01:00:00Z,10.878787878787879
2016-03-27T04:00:00Z,10.818181818181818
2016-04-18T01:00:00Z,10.78125
2016-03-15T02:00:00Z,10.727272727272727
2016-05-09T04:00:00Z,10.296296296296296
2016-04-12T05:00:00Z,10.212121212121213
2016-04-25T04:00:00Z,10.15625
2016-04-11T04:00:00Z,10.08
2016-05-10T01:00:00Z,10.041666666666666
2016-04-10T02:00:00Z,10.037037037037036
2016-03-21T05:00:00Z,10.030303030303031
2016-04-03T04:00:00Z,9.8125
2016-03-31T04:00:00Z,9.787878787878787
2016-04-19T04:00:00Z,9.75
2016-03-27T02:00:00Z,9.727272727272727
2016-03-30T05:00:00Z,9.727272727272727
2016-03-25T04:00:00Z,9.666666666666666
2016-04-02T01:00:00Z,9.666666666666666
2016-04-30T02:00:00Z,9.666666666666666
2016-03-22T04:00:00Z,9.636363636363637
2016-04-12T04:00:00Z,9.575757575757576
2016-03-31T03:00:00Z,9.515151515151516
2016-04-12T01:00:00Z,9.515151515151516
2016-04-26T02:00:00Z,9.40625
2016-04-26T00:00:00Z,9.21875
2016-04-08T04:00:00Z,9.1875
2016-04-04T04:00:00Z,9.09375
2016-04-06T02:00:00Z,9.09375
2016-04-14T04:00:00Z,8.969696969696969
2016-04-16T05:00:00Z,8.96875
2016-03-24T05:00:00Z,8.848484848484848
2016-03-30T02:00:00Z,8.848484848484848
2016-04-15T02:00:00Z,8.848484848484848
2016-04-18T04:00:00Z,8.71875
2016-05-03T02:00:00Z,8.689655172413794
2016-04-20T04:00:00Z,8.65625
2016-04-07T03:00:00Z,8.625
2016-04-17T03:00:00Z,8.5625
2016-05-11T01:00:00Z,8.434782608695652
2016-03-19T05:00:00Z,8.272727272727273
2016-03-14T00:00:00Z,8.151515151515152
2016-04-15T04:00:00Z,8.030303030303031
2016-03-23T04:00:00Z,8
2016-03-20T05:00:00Z,7.96969696969697
2016-04-21T04:00:00Z,7.9375
2016-04-03T02:00:00Z,7.90625
2016-05-03T03:00:00Z,7.896551724137931
2016-04-26T03:00:00Z,7.84375
2016-05-12T01:00:00Z,7.7368421052631575
2016-04-16T02:00:00Z,7.65625
2016-03-22T05:00:00Z,7.454545454545454
2016-04-14T02:00:00Z,7.393939393939394
2016-05-05T01:00:00Z,7.310344827586207
2016-03-22T02:00:00Z,7.242424242424242
2016-04-01T02:00:00Z,7.181818181818182
2016-03-16T02:00:00Z,7.090909090909091
2016-04-10T03:00:00Z,7.037037037037037
2016-03-20T02:00:00Z,6.909090909090909
2016-03-31T01:00:00Z,6.909090909090909
2016-05-01T04:00:00Z,6.9
2016-04-07T05:00:00Z,6.84375
2016-04-12T03:00:00Z,6.818181818181818
2016-04-19T02:00:00Z,6.78125
2016-03-20T03:00:00Z,6.7272727272727275
2016-04-08T01:00:00Z,6.5625
2016-03-26T02:00:00Z,6.515151515151516
2016-03-28T05:00:00Z,6.484848484848484
2016-04-16T01:00:00Z,6.46875
2016-03-29T05:00:00Z,6.242424242424242
2016-04-11T03:00:00Z,6.24
2016-04-20T02:00:00Z,6.21875
2016-04-16T03:00:00Z,6.125
2016-03-13T02:00:00Z,6.121212121212121
2016-03-31T05:00:00Z,5.96969696969697
2016-03-14T02:00:00Z,5.696969696969697
2016-04-08T02:00:00Z,5.6875
2016-03-12T04:00:00Z,5.636363636363637
2016-03-21T03:00:00Z,5.606060606060606
2016-04-27T04:00:00Z,5.59375
2016-03-16T04:00:00Z,5.575757575757576
2016-04-20T01:00:00Z,5.46875
2016-04-29T04:00:00Z,5.46875
2016-04-02T04:00:00Z,5.363636363636363
2016-05-11T02:00:00Z,5.304347826086956
2016-03-24T04:00:00Z,5.212121212121212
2016-04-06T03:00:00Z,5.1875
2016-03-26T05:00:00Z,4.96969696969697
2016-05-12T04:00:00Z,4.888888888888889
2016-04-28T04:00:00Z,4.8125
2016-04-01T03:00:00Z,4.757575757575758
2016-03-29T03:00:00Z,4.606060606060606
2016-04-02T05:00:00Z,4.606060606060606
2016-04-27T03:00:00Z,4.5
2016-05-07T04:00:00Z,4.5
2016-03-24T02:00:00Z,4.484848484848484
2016-04-23T05:00:00Z,4.4375
2016-03-12T03:00:00Z,4.393939393939394
2016-03-26T03:00:00Z,4.181818181818182
2016-03-28T03:00:00Z,4.151515151515151
2016-03-17T03:00:00Z,4.0606060606060606
2016-03-21T04:00:00Z,4.0606060606060606
2016-04-09T04:00:00Z,4.0344827586206895
2016-04-25T02:00:00Z,4.03125
2016-03-26T04:00:00Z,4
2016-03-18T04:00:00Z,3.878787878787879
2016-03-25T02:00:00Z,3.787878787878788
2016-04-15T03:00:00Z,3.787878787878788
2016-03-19T04:00:00Z,3.696969696969697
2016-04-23T04:00:00Z,3.6875
2016-05-01T03:00:00Z,3.6333333333333333
2016-05-12T00:00:00Z,3.5789473684210527
2016-04-21T03:00:00Z,3.5
2016-03-30T04:00:00Z,3.4545454545454546
2016-05-05T02:00:00Z,3.4482758620689653
2016-04-16T04:00:00Z,3.375
2016-03-29T02:00:00Z,3.3636363636363638
2016-05-07T03:00:00Z,3.357142857142857
2016-05-08T03:00:00Z,3.3333333333333335
2016-04-24T03:00:00Z,3.3125
2016-05-10T03:00:00Z,3.2916666666666665
2016-03-13T04:00:00Z,3.1818181818181817
2016-03-17T04:00:00Z,3.1515151515151514
2016-04-13T03:00:00Z,3.1515151515151514
2016-04-08T03:00:00Z,3.0625
2016-04-24T04:00:00Z,3.0625
2016-04-26T04:00:00Z,2.96875
2016-04-10T04:00:00Z,2.9615384615384617
2016-03-28T02:00:00Z,2.6363636363636362
2016-04-07T02:00:00Z,2.625
2016-05-09T03:00:00Z,2.5925925925925926
2016-04-17T05:00:00Z,2.5625
2016-04-04T02:00:00Z,2.53125
2016-04-03T03:00:00Z,2.4375
2016-03-16T03:00:00Z,2.3636363636363638
2016-03-27T03:00:00Z,2.3333333333333335
2016-04-19T03:00:00Z,2.25
2016-03-14T03:00:00Z,2.212121212121212
2016-05-05T03:00:00Z,2.1379310344827585
2016-04-17T04:00:00Z,2.125
2016-04-29T03:00:00Z,2.09375
2016-03-25T03:00:00Z,2.0303030303030303
2016-05-09T02:00:00Z,1.9259259259259258
2016-04-18T02:00:00Z,1.84375
2016-03-30T03:00:00Z,1.8181818181818181
2016-05-11T03:00:00Z,1.6521739130434783
2016-03-20T04:00:00Z,1.6363636363636365
2016-05-04T03:00:00Z,1.3793103448275863
2016-04-10T05:00:00Z,1.3461538461538463
2016-03-24T03:00:00Z,1.3333333333333333
2016-05-08T05:00:00Z,1.2222222222222223
2016-03-17T02:00:00Z,1.1515151515151516
2016-03-22T03:00:00Z,1.0606060606060606
2016-04-18T03:00:00Z,0.96875
2016-04-24T05:00:00Z,0.84375
2016-05-12T03:00:00Z,0.7894736842105263
2016-04-04T03:00:00Z,0.75
2016-04-14T03:00:00Z,0.7272727272727273
2016-04-25T03:00:00Z,0.21875
2016-04-20T03:00:00Z,0.1875
